Name,Region,Height (m)
Lochnagar - Cac Carn Beag,Perthshire,1155
Carn a'Choire Bhoidheach,Perthshire,1110
Glas Maol,Perthshire,1068
Cairn of Claise,Perthshire,1064
Carn an t-Sagairt Mor,Perthshire,1047
Carn an Tuirc,Perthshire,1019
Cairn Bannoch,Perthshire,1012
Broad Cairn,Perthshire,998
Creag Leacach,Perthshire,987
Tolmount,Perthshire,958
Tom Buidhe,Perthshire,957
Driesh,Perthshire,947
Mount Keen,Perthshire,939
Mayar,Perthshire,928
Ben More,Northern Highlands,1174
Stob Binnein,Northern Highlands,1165
Ben Lui [Beinn Laoigh],Northern Highlands,1130
Cruach Ardrain,Northern Highlands,1046
Ben Oss,Northern Highlands,1029
Beinn Ime,Northern Highlands,1011
An Caisteal,Northern Highlands,995
Ben Vorlich,Northern Highlands,982
Beinn Dubhchraig,Northern Highlands,978
Stuc a'Chroin,Northern Highlands,974
Ben Lomond,Northern Highlands,973
Beinn Bhuidhe,Northern Highlands,948
Beinn Tulaichean,Northern Highlands,946
Ben Vorlich,Northern Highlands,943
Beinn a'Chroin,Northern Highlands,940
Beinn Chabhair,Northern Highlands,933
Ben Chonzie,Northern Highlands,931
Beinn Narnain,Northern Highlands,927
Beinn a'Chleibh,Northern Highlands,916
Ben Vane,Northern Highlands,915
Beinn a'Ghlo - Carn nan Gabhar,Perthshire,1129
Beinn a'Ghlo - Braigh Coire Chruinn-bhalgain,Perthshire,1070
Glas Tulaichean,Perthshire,1051
Beinn Iutharn Mhor,Perthshire,1045
Carn an Righ,Perthshire,1029
Beinn Dearg,Perthshire,1008
An Sgarsoch,Perthshire,1006
Carn an Fhidhleir [Carn Ealar],Perthshire,994
Beinn a'Ghlo - Carn Liath,Perthshire,975
Carn a'Gheoidh,Perthshire,975
Carn a'Chlamain,Perthshire,963
Carn Bhac,Perthshire,946
An Socach,Perthshire,944
The Cairnwell,Perthshire,933
Carn Aosda,Perthshire,917
Ben Nevis,Glen Coe,1344
Aonach Beag,Glen Coe,1234
Aonach Mor,Glen Coe,1221
Carn Mor Dearg,Glen Coe,1220
Stob Choire Claurigh,Glen Coe,1177
Ben Alder,Glen Coe,1148
Geal-charn,Glen Coe,1132
Binnein Mor,Glen Coe,1130
Aonach Beag,Glen Coe,1118
Stob Coire Easain,Glen Coe,1116
Stob Coire an Laoigh,Glen Coe,1116
Stob a'Choire Mheadhoin,Glen Coe,1106
Beinn Eibhinn,Glen Coe,1102
Sgurr a'Mhaim,Glen Coe,1099
Sgurr Choinnich Mor,Glen Coe,1094
Beinn a'Chlachair,Glen Coe,1087
Na Gruagaichean,Glen Coe,1056
Geal Charn,Glen Coe,1049
Chno Dearg,Glen Coe,1046
Carn Dearg,Glen Coe,1034
Am Bodach,Glen Coe,1032
Beinn Bheoil,Glen Coe,1019
Sgurr Eilde Mor,Glen Coe,1010
Stob Ban,Glen Coe,999
An Gearanach,Glen Coe,982
Stob Coire a'Chairn,Glen Coe,980
Stob Coire Sgriodain,Glen Coe,978
Stob Ban,Glen Coe,975
Sgor Gaibhre,Glen Coe,955
Binnein Beag,Glen Coe,943
Carn Dearg,Glen Coe,941
Mullach nan Coirean,Glen Coe,939
Beinn na Lap,Glen Coe,936
Creag Pitridh,Glen Coe,924
Sgurr na Ciche,Glen Coe,1040
Gleouraich,Glen Coe,1035
Sgurr a'Mhaoraich,Glen Coe,1027
Aonach air Chrith,Glen Coe,1022
Ladhar Bheinn,Glen Coe,1020
Garbh Chioch Mhor,Glen Coe,1013
The Saddle,Glen Coe,1010
Sgurr an Doire Leathain,Glen Coe,1010
Sgurr an Lochain,Glen Coe,1004
Sgurr Mor,Glen Coe,1003
Spidean Mialach,Glen Coe,996
Druim Shionnach,Glen Coe,987
Gulvain [Gaor Bheinn],Glen Coe,986
Maol Chinn-dearg,Glen Coe,981
Beinn Sgritheall,Glen Coe,974
Sgurr Thuilm,Glen Coe,963
Sgurr nan Coireachan,Glen Coe,956
Sgurr nan Coireachan,Glen Coe,953
Creag a'Mhaim,Glen Coe,947
Meall Buidhe,Glen Coe,946
Sgurr na Sgine,Glen Coe,945
Luinne Bheinn,Glen Coe,939
Sron a'Choire Ghairbh,Glen Coe,937
Gairich,Glen Coe,919
Meall na Teanga,Glen Coe,918
Creag nan Damh,Glen Coe,918
Sgurr na Lapaich,Northern Highlands,1150
An Riabhachan,Northern Highlands,1130
Sgurr a'Choire Ghlais,Northern Highlands,1083
An Socach,Northern Highlands,1069
Sgurr a'Chaorachain,Northern Highlands,1053
Sgurr Fhuar-thuill,Northern Highlands,1049
Maoile Lunndaidh,Northern Highlands,1007
Sgurr Choinnich,Northern Highlands,999
Carn nan Gobhar,Northern Highlands,992
Carn nan Gobhar,Northern Highlands,992
Sgurr na Ruaidhe,Northern Highlands,992
Lurg Mhor,Northern Highlands,986
Bidein a'Choire Sheasgaich,Northern Highlands,945
Moruisg,Northern Highlands,928
Liathach - Spidean a'Choire Leith,Northern Highlands,1055
Liathach - Mullach an Rathain,Northern Highlands,1023
Beinn Eighe - Ruadh-stac Mor,Northern Highlands,1010
Beinn Eighe - Spidean Coire nan Clach,Northern Highlands,993
Beinn Alligin - Sgurr Mhor,Northern Highlands,986
Sgorr Ruadh,Northern Highlands,961
Maol Chean-dearg,Northern Highlands,933
Beinn Liath Mhor,Northern Highlands,926
Beinn Alligin - Tom na Gruagaich,Northern Highlands,922
Carn Eige [Carn Eighe],Northern Highlands,1183
Mam Sodhail,Northern Highlands,1181
Sgurr nan Ceathreamhnan [Sgurr nan Ceathramhnan],Northern Highlands,1151
A'Chraileag [A'Chralaig],Northern Highlands,1120
Tom a'Choinich,Northern Highlands,1113
Sgurr nan Conbhairean,Northern Highlands,1109
Mullach Fraoch-choire,Northern Highlands,1102
Sgurr Fhuaran,Northern Highlands,1067
Toll Creagach,Northern Highlands,1054
Sgurr a'Bhealaich Dheirg,Northern Highlands,1036
Beinn Fhada,Northern Highlands,1032
Sgurr na Ciste Duibhe,Northern Highlands,1027
Beinn Fhionnlaidh,Northern Highlands,1005
Sgurr na Carnach,Northern Highlands,1002
Sail Chaorainn [Sail Chaoruinn],Northern Highlands,1002
Aonach Meadhoin,Northern Highlands,1001
Mullach na Dheiragain,Northern Highlands,981
Ciste Dhubh,Northern Highlands,979
Carn Ghluasaid,Northern Highlands,957
Saileag,Northern Highlands,956
An Socach,Northern Highlands,921
A'Ghlas-bheinn,Northern Highlands,918
Beinn Udlamain,Cairngorms,1010
Sgairneach Mhor,Cairngorms,989
A'Mharconaich,Cairngorms,975
Meall Chuaich,Cairngorms,951
Carn na Caim,Cairngorms,941
A'Bhuidheanach Bheag,Cairngorms,937
Geal-charn,Cairngorms,917
Bidean nam Bian,Glen Coe,1150
Ben Cruachan,Glen Coe,1126
Meall a'Bhuiridh,Glen Coe,1108
Creise,Glen Coe,1100
Stob Ghabhar,Glen Coe,1090
Ben Starav,Glen Coe,1078
Stob Coire Sgreamhach,Glen Coe,1072
Stob Coir' an Albannaich,Glen Coe,1044
Beinn a'Bheithir - Sgorr Dhearg,Glen Coe,1024
Buachaille Etive Mor - Stob Dearg,Glen Coe,1021
Beinn a'Bheithir - Sgorr Dhonuill,Glen Coe,1001
Stob Daimh [Stob Diamh],Glen Coe,998
Glas Bheinn Mhor,Glen Coe,997
Sgor na h-Ulaidh,Glen Coe,994
Beinn Eunaich,Glen Coe,989
Beinn a'Chochuill,Glen Coe,979
Aonach Eagach - Sgorr nam Fiannaidh,Glen Coe,967
Beinn nan Aighenan,Glen Coe,960
Beinn Fhionnlaidh,Glen Coe,959
Buachaille Etive Beag - Stob Dubh,Glen Coe,958
Buachaille Etive Mor - Stob na Broige,Glen Coe,956
Aonach Eagach - Meall Dearg,Glen Coe,953
Stob a'Choire Odhair,Glen Coe,945
Beinn Sgulaird,Glen Coe,937
Meall nan Eun,Glen Coe,928
Buachaille Etive Beag - Stob Coire Raineach,Glen Coe,925
Sgurr Mor,Northern Highlands,1112
Sgurr nan Clach Geala,Northern Highlands,1093
An Teallach - Bidein a'Ghlas Thuill,Northern Highlands,1062
An Teallach - Sgurr Fiona,Northern Highlands,1060
Mullach Coire Mhic Fhearchair,Northern Highlands,1019
Sgurr Breac,Northern Highlands,999
A'Chailleach,Northern Highlands,997
Sgurr Ban,Northern Highlands,987
Slioch,Northern Highlands,981
A'Mhaighdean,Northern Highlands,967
Beinn Liath Mhor Fannaich,Northern Highlands,954
Meall Gorm,Northern Highlands,949
Beinn Tarsuinn,Northern Highlands,937
Meall a'Chrasgaidh,Northern Highlands,934
Fionn Bheinn,Northern Highlands,933
Sgurr nan Each,Northern Highlands,923
An Coileachan,Northern Highlands,923
Ruadh Stac Mor,Northern Highlands,918
Ben Lawers,Perthshire,1214
Meall Garbh,Perthshire,1118
An Stuc,Perthshire,1118
Beinn Ghlas,Perthshire,1103
Schiehallion,Perthshire,1083
Beinn a'Chreachain,Perthshire,1081
Beinn Heasgarnich [Beinn Sheasgarnaich],Perthshire,1078
Beinn Dorain,Perthshire,1076
Meall Corranaich,Perthshire,1069
Creag Mhor,Perthshire,1047
Meall nan Tarmachan,Perthshire,1044
Carn Mairg,Perthshire,1042
Meall Ghaordaidh,Perthshire,1039
Beinn Achaladair,Perthshire,1038
Carn Gorm,Perthshire,1029
Ben Challum [Beinn Challuim],Perthshire,1025
Beinn an Dothaidh,Perthshire,1004
Meall Greigh,Perthshire,1001
Meall na Aighean,Perthshire,981
Meall Garbh,Perthshire,968
Stuchd an Lochain [Stuc an Lochain],Perthshire,960
Meall Glas,Perthshire,959
Beinn Mhanach,Perthshire,953
Meall Buidhe,Perthshire,932
Meall a'Choire Leith,Perthshire,926
Sgiath Chuil,Perthshire,921
Sgurr Alasdair,Isles,991
Sgurr Dearg - Inaccessible Pinnacle,Isles,985
Sgurr a'Ghreadaidh,Isles,972
Ben More,Isles,966
Sgurr na Banachdich,Isles,965
Sgurr nan Gillean,Isles,964
Bruach na Frithe,Isles,958
Sgurr Mhic Choinnich,Isles,948
Sgurr Dubh Mor,Isles,944
Am Basteir,Isles,934
Bla Bheinn [Blabheinn] [Blaven],Isles,928
Sgurr nan Eag,Isles,924
Sgurr a'Mhadaidh,Isles,918
Creag Meagaidh,Cairngorms,1129
Stob Poite Coire Ardair,Cairngorms,1054
Beinn a'Chaorainn,Cairngorms,1050
Carn Liath,Cairngorms,1006
Carn Dearg,Cairngorms,945
A'Chailleach,Cairngorms,930
Geal Charn,Cairngorms,926
Carn Sgulain,Cairngorms,920
Beinn Teallach,Cairngorms,915
Ben Macdui [Beinn Macduibh],Cairngorms,1309
Braeriach,Cairngorms,1296
Cairn Toul,Cairngorms,1291
Sgor an Lochain Uaine,Cairngorms,1258
Cairn Gorm,Cairngorms,1245
Beinn a'Bhuird [Beinn a'Bhuird North Top],Cairngorms,1197
Beinn Mheadhoin,Cairngorms,1182
Ben Avon - Leabaidh an Daimh Bhuidhe,Cairngorms,1171
Beinn Bhrotain,Cairngorms,1157
Derry Cairngorm,Cairngorms,1155
Sgor Gaoith,Cairngorms,1118
Monadh Mor,Cairngorms,1115
Bynack More,Cairngorms,1090
Beinn a'Chaorainn,Cairngorms,1082
Carn a'Mhaim,Cairngorms,1037
Mullach Clach a'Bhlair,Cairngorms,1019
The Devil's Point,Cairngorms,1004
Beinn Bhreac,Cairngorms,931
Ben More Assynt,Northern Highlands,998
Conival,Northern Highlands,987
Ben Klibreck - Meall nan Con,Northern Highlands,962
Ben Hope,Northern Highlands,927
Beinn Dearg,Northern Highlands,1084
Ben Wyvis - Glas Leathad Mor,Northern Highlands,1046
Meall nan Ceapraichean,Northern Highlands,977
Cona' Mheall,Northern Highlands,977
Am Faochagach,Northern Highlands,954
Seana Bhraigh,Northern Highlands,926
Eididh nan Clach Geala,Northern Highlands,926
